CA|CP|B|4367057,2 Felan Cres,,0,"Etobicoke, ON, M9V 3A3",Retrieve
CA|CP|B|4351274,4 Felan Cres,,0,"Etobicoke, ON, M9V 3A3",Retrieve
CA|CP|B|4345450,6 Felan Cres,,0,"Etobicoke, ON, M9V 3A3",Retrieve
CA|CP|B|4345774,8 Felan Cres,,0,"Etobicoke, ON, M9V 3A3",Retrieve
CA|CP|B|4342764,10 Felan Cres,,0,"Etobicoke, ON, M9V 3A3",Retrieve
CA|CP|B|4353779,12 Felan Cres,,0,"Etobicoke, ON, M9V 3A3",Retrieve
CA|CP|B|4361491,14 Felan Cres,,0,"Etobicoke, ON, M9V 3A3",Retrieve
CA|CP|B|2081339,16 Felan Cres,,0,"Etobicoke, ON, M9V 3A3",Retrieve
CA|CP|B|4337496,18 Felan Cres,,0,"Etobicoke, ON, M9V 3A3",Retrieve
CA|CP|B|4337507,20 Felan Cres,,0,"Etobicoke, ON, M9V 3A3",Retrieve
CA|CP|B|4370043,22 Felan Cres,,0,"Etobicoke, ON, M9V 3A3",Retrieve
CA|CP|B|4356320,24 Felan Cres,,0,"Etobicoke, ON, M9V 3A3",Retrieve
CA|CP|B|4335010,26 Felan Cres,,0,"Etobicoke, ON, M9V 3A3",Retrieve
CA|CP|B|4364950,28 Felan Cres,,0,"Etobicoke, ON, M9V 3A3",Retrieve
CA|CP|B|4332372,30 Felan Cres,,0,"Etobicoke, ON, M9V 3A3",Retrieve
CA|CP|B|4340334,32 Felan Cres,,0,"Etobicoke, ON, M9V 3A3",Retrieve
CA|CP|B|4334726,34 Felan Cres,,0,"Etobicoke, ON, M9V 3A3",Retrieve
CA|CP|B|4361497,36 Felan Cres,,0,"Etobicoke, ON, M9V 3A3",Retrieve
CA|CP|B|4345334,38 Felan Cres,,0,"Etobicoke, ON, M9V 3A3",Retrieve
CA|CP|B|4331880,40 Felan Cres,,0,"Etobicoke, ON, M9V 3A3",Retrieve
CA|CP|B|4334709,42 Felan Cres,,0,"Etobicoke, ON, M9V 3A3",Retrieve
CA|CP|B|4343150,44 Felan Cres,,0,"Etobicoke, ON, M9V 3A3",Retrieve
CA|CP|B|4337164,46 Felan Cres,,0,"Etobicoke, ON, M9V 3A3",Retrieve
CA|CP|B|3882671,48 Felan Cres,,0,"Etobicoke, ON, M9V 3A3",Retrieve
CA|CP|B|4345655,50 Felan Cres,,0,"Etobicoke, ON, M9V 3A3",Retrieve
CA|CP|B|4367438,52 Felan Cres,,0,"Etobicoke, ON, M9V 3A3",Retrieve
CA|CP|B|1211206,54 Felan Cres,,0,"Etobicoke, ON, M9V 3A3",Retrieve
CA|CP|B|4353523,56 Felan Cres,,0,"Etobicoke, ON, M9V 3A3",Retrieve
CA|CP|B|4350878,58 Felan Cres,,0,"Etobicoke, ON, M9V 3A3",Retrieve
CA|CP|B|4345844,60 Felan Cres,,0,"Etobicoke, ON, M9V 3A3",Retrieve
CA|CP|B|4334608,62 Felan Cres,,0,"Etobicoke, ON, M9V 3A3",Retrieve
CA|CP|B|4358778,64 Felan Cres,,0,"Etobicoke, ON, M9V 3A3",Retrieve
CA|CP|B|519851,66 Felan Cres,,0,"Etobicoke, ON, M9V 3A3",Retrieve
CA|CP|B|4328989,68 Felan Cres,,0,"Etobicoke, ON, M9V 3A3",Retrieve
CA|CP|B|4362097,70 Felan Cres,,0,"Etobicoke, ON, M9V 3A3",Retrieve
CA|CP|B|4369792,72 Felan Cres,,0,"Etobicoke, ON, M9V 3A3",Retrieve
CA|CP|B|3872589,74 Felan Cres,,0,"Etobicoke, ON, M9V 3A3",Retrieve
CA|CP|B|4343003,76 Felan Cres,,0,"Etobicoke, ON, M9V 3A3",Retrieve
CA|CP|B|4331690,78 Felan Cres,,0,"Etobicoke, ON, M9V 3A3",Retrieve
CA|CP|B|1113994,80 Felan Cres,,0,"Etobicoke, ON, M9V 3A3",Retrieve
CA|CP|B|4348156,82 Felan Cres,,0,"Etobicoke, ON, M9V 3A3",Retrieve
CA|CP|B|4334545,84 Felan Cres,,0,"Etobicoke, ON, M9V 3A3",Retrieve
CA|CP|B|4361666,86 Felan Cres,,0,"Etobicoke, ON, M9V 3A3",Retrieve
CA|CP|B|4340386,88 Felan Cres,,0,"Etobicoke, ON, M9V 3A3",Retrieve
CA|CP|B|3893780,90 Felan Cres,,0,"Etobicoke, ON, M9V 3A3",Retrieve
CA|CP|B|3878369,92 Felan Cres,,0,"Etobicoke, ON, M9V 3A3",Retrieve
CA|CP|B|4345704,7 Amaron Ave,,0,"Etobicoke, ON, M9V 1Z2",Retrieve
CA|CP|B|1373013,9 Amaron Ave,,0,"Etobicoke, ON, M9V 1Z2",Retrieve
CA|CP|B|4337704,11 Amaron Ave,,0,"Etobicoke, ON, M9V 1Z2",Retrieve
CA|CP|B|4353468,15 Amaron Ave,,0,"Etobicoke, ON, M9V 1Z2",Retrieve
CA|CP|B|4340356,17 Amaron Ave,,0,"Etobicoke, ON, M9V 1Z2",Retrieve
CA|CP|B|4329615,19 Amaron Ave,,0,"Etobicoke, ON, M9V 1Z2",Retrieve
CA|CP|B|4350872,21 Amaron Ave,,0,"Etobicoke, ON, M9V 1Z2",Retrieve
CA|CP|B|4335009,23 Amaron Ave,,0,"Etobicoke, ON, M9V 1Z2",Retrieve
CA|CP|B|4359089,2 Lakeland Dr,,0,"Etobicoke, ON, M9V 1M9",Retrieve
CA|CP|B|4361702,4 Lakeland Dr,,0,"Etobicoke, ON, M9V 1M9",Retrieve
CA|CP|B|4334408,6 Lakeland Dr,,0,"Etobicoke, ON, M9V 1M9",Retrieve
CA|CP|B|4370346,8 Lakeland Dr,,0,"Etobicoke, ON, M9V 1M9",Retrieve
CA|CP|B|1192465,10 Lakeland Dr,,0,"Etobicoke, ON, M9V 1M9",Retrieve
CA|CP|B|2863663,12 Lakeland Dr,,0,"Etobicoke, ON, M9V 1M9",Retrieve
CA|CP|B|4342855,14 Lakeland Dr,,0,"Etobicoke, ON, M9V 1M9",Retrieve
CA|CP|B|4337077,16 Lakeland Dr,,0,"Etobicoke, ON, M9V 1M9",Retrieve
CA|CP|B|4367110,18 Lakeland Dr,,0,"Etobicoke, ON, M9V 1M9",Retrieve
CA|CP|B|4340004,20 Lakeland Dr,,0,"Etobicoke, ON, M9V 1M9",Retrieve
CA|CP|B|574130,22 Lakeland Dr,,0,"Etobicoke, ON, M9V 1M9",Retrieve
CA|CP|B|4359329,24 Lakeland Dr,,0,"Etobicoke, ON, M9V 1M9",Retrieve
CA|CP|B|3880838,26 Lakeland Dr,,0,"Etobicoke, ON, M9V 1M9",Retrieve
CA|CP|B|4334761,28 Lakeland Dr,,0,"Etobicoke, ON, M9V 1M9",Retrieve
CA|CP|B|4334906,30 Lakeland Dr,,0,"Etobicoke, ON, M9V 1M9",Retrieve
CA|CP|B|4340462,32 Lakeland Dr,,0,"Etobicoke, ON, M9V 1M9",Retrieve
CA|CP|B|4358808,34 Lakeland Dr,,0,"Etobicoke, ON, M9V 1M9",Retrieve
CA|CP|B|4370115,36 Lakeland Dr,,0,"Etobicoke, ON, M9V 1M9",Retrieve
CA|CP|B|4367057,2 Felan Cres,,0,"Etobicoke, ON, M9V 3A3",Retrieve
CA|CP|B|4351274,4 Felan Cres,,0,"Etobicoke, ON, M9V 3A3",Retrieve
CA|CP|B|4345450,6 Felan Cres,,0,"Etobicoke, ON, M9V 3A3",Retrieve
CA|CP|B|4345774,8 Felan Cres,,0,"Etobicoke, ON, M9V 3A3",Retrieve
CA|CP|B|4342764,10 Felan Cres,,0,"Etobicoke, ON, M9V 3A3",Retrieve
CA|CP|B|4353779,12 Felan Cres,,0,"Etobicoke, ON, M9V 3A3",Retrieve
CA|CP|B|4361491,14 Felan Cres,,0,"Etobicoke, ON, M9V 3A3",Retrieve
CA|CP|B|2081339,16 Felan Cres,,0,"Etobicoke, ON, M9V 3A3",Retrieve
CA|CP|B|4337496,18 Felan Cres,,0,"Etobicoke, ON, M9V 3A3",Retrieve
CA|CP|B|4337507,20 Felan Cres,,0,"Etobicoke, ON, M9V 3A3",Retrieve
CA|CP|B|4370043,22 Felan Cres,,0,"Etobicoke, ON, M9V 3A3",Retrieve
CA|CP|B|4356320,24 Felan Cres,,0,"Etobicoke, ON, M9V 3A3",Retrieve
CA|CP|B|4335010,26 Felan Cres,,0,"Etobicoke, ON, M9V 3A3",Retrieve
CA|CP|B|4364950,28 Felan Cres,,0,"Etobicoke, ON, M9V 3A3",Retrieve
CA|CP|B|4332372,30 Felan Cres,,0,"Etobicoke, ON, M9V 3A3",Retrieve
CA|CP|B|4340334,32 Felan Cres,,0,"Etobicoke, ON, M9V 3A3",Retrieve
CA|CP|B|4334726,34 Felan Cres,,0,"Etobicoke, ON, M9V 3A3",Retrieve
CA|CP|B|4361497,36 Felan Cres,,0,"Etobicoke, ON, M9V 3A3",Retrieve
CA|CP|B|4345334,38 Felan Cres,,0,"Etobicoke, ON, M9V 3A3",Retrieve
CA|CP|B|4331880,40 Felan Cres,,0,"Etobicoke, ON, M9V 3A3",Retrieve
CA|CP|B|4334709,42 Felan Cres,,0,"Etobicoke, ON, M9V 3A3",Retrieve
CA|CP|B|4343150,44 Felan Cres,,0,"Etobicoke, ON, M9V 3A3",Retrieve
CA|CP|B|4337164,46 Felan Cres,,0,"Etobicoke, ON, M9V 3A3",Retrieve
CA|CP|B|3882671,48 Felan Cres,,0,"Etobicoke, ON, M9V 3A3",Retrieve
CA|CP|B|4345655,50 Felan Cres,,0,"Etobicoke, ON, M9V 3A3",Retrieve
CA|CP|B|4367438,52 Felan Cres,,0,"Etobicoke, ON, M9V 3A3",Retrieve
CA|CP|B|1211206,54 Felan Cres,,0,"Etobicoke, ON, M9V 3A3",Retrieve
CA|CP|B|4353523,56 Felan Cres,,0,"Etobicoke, ON, M9V 3A3",Retrieve
CA|CP|B|4350878,58 Felan Cres,,0,"Etobicoke, ON, M9V 3A3",Retrieve
CA|CP|B|4345844,60 Felan Cres,,0,"Etobicoke, ON, M9V 3A3",Retrieve
CA|CP|B|4334608,62 Felan Cres,,0,"Etobicoke, ON, M9V 3A3",Retrieve
CA|CP|B|4358778,64 Felan Cres,,0,"Etobicoke, ON, M9V 3A3",Retrieve
CA|CP|B|519851,66 Felan Cres,,0,"Etobicoke, ON, M9V 3A3",Retrieve
CA|CP|B|4328989,68 Felan Cres,,0,"Etobicoke, ON, M9V 3A3",Retrieve
CA|CP|B|4362097,70 Felan Cres,,0,"Etobicoke, ON, M9V 3A3",Retrieve
CA|CP|B|4369792,72 Felan Cres,,0,"Etobicoke, ON, M9V 3A3",Retrieve
CA|CP|B|3872589,74 Felan Cres,,0,"Etobicoke, ON, M9V 3A3",Retrieve
CA|CP|B|4343003,76 Felan Cres,,0,"Etobicoke, ON, M9V 3A3",Retrieve
CA|CP|B|4331690,78 Felan Cres,,0,"Etobicoke, ON, M9V 3A3",Retrieve
CA|CP|B|1113994,80 Felan Cres,,0,"Etobicoke, ON, M9V 3A3",Retrieve
CA|CP|B|4348156,82 Felan Cres,,0,"Etobicoke, ON, M9V 3A3",Retrieve
CA|CP|B|4334545,84 Felan Cres,,0,"Etobicoke, ON, M9V 3A3",Retrieve
CA|CP|B|4361666,86 Felan Cres,,0,"Etobicoke, ON, M9V 3A3",Retrieve
CA|CP|B|4340386,88 Felan Cres,,0,"Etobicoke, ON, M9V 3A3",Retrieve
CA|CP|B|3893780,90 Felan Cres,,0,"Etobicoke, ON, M9V 3A3",Retrieve
CA|CP|B|3878369,92 Felan Cres,,0,"Etobicoke, ON, M9V 3A3",Retrieve
CA|CP|B|4342617,4 Honbury Rd,,0,"Etobicoke, ON, M9V 1W3",Retrieve
CA|CP|B|1320990,6 Honbury Rd,,0,"Etobicoke, ON, M9V 1W3",Retrieve
CA|CP|B|4367674,8 Honbury Rd,,0,"Etobicoke, ON, M9V 1W3",Retrieve
CA|CP|B|4057588,10 Honbury Rd,,0,"Etobicoke, ON, M9V 1W3",Retrieve
CA|CP|B|4350620,12 Honbury Rd,,0,"Etobicoke, ON, M9V 1W3",Retrieve
CA|CP|B|4356616,14 Honbury Rd,,0,"Etobicoke, ON, M9V 1W3",Retrieve
CA|CP|B|4343153,16 Honbury Rd,,0,"Etobicoke, ON, M9V 1W3",Retrieve
CA|CP|B|4332155,18 Honbury Rd,,0,"Etobicoke, ON, M9V 1W3",Retrieve
CA|CP|B|4340037,20 Honbury Rd,,0,"Etobicoke, ON, M9V 1W3",Retrieve
CA|CP|B|4337274,22 Honbury Rd,,0,"Etobicoke, ON, M9V 1W3",Retrieve
CA|CP|B|4329362,24 Honbury Rd,,0,"Etobicoke, ON, M9V 1W3",Retrieve
CA|CP|B|5066985,26 Honbury Rd,,0,"Etobicoke, ON, M9V 1W3",Retrieve
CA|CP|B|4342939,28 Honbury Rd,,0,"Etobicoke, ON, M9V 1W3",Retrieve
CA|CP|B|4350975,30 Honbury Rd,,0,"Etobicoke, ON, M9V 1W3",Retrieve
CA|CP|B|4332144,32 Honbury Rd,,0,"Etobicoke, ON, M9V 1W3",Retrieve
CA|CP|B|4353917,34 Honbury Rd,,0,"Etobicoke, ON, M9V 1W3",Retrieve
CA|CP|B|4367079,36 Honbury Rd,,0,"Etobicoke, ON, M9V 1W3",Retrieve
CA|CP|B|4359042,38 Honbury Rd,,0,"Etobicoke, ON, M9V 1W3",Retrieve
CA|CP|B|4337088,40 Honbury Rd,,0,"Etobicoke, ON, M9V 1W3",Retrieve
CA|CP|B|1877195,42 Honbury Rd,,0,"Etobicoke, ON, M9V 1W3",Retrieve
CA|CP|B|4359163,44 Honbury Rd,,0,"Etobicoke, ON, M9V 1W3",Retrieve
CA|CP|B|1634741,28 Benstrow Ave,,0,"Etobicoke, ON, M9V 2Z8",Retrieve
CA|CP|B|4350768,30 Benstrow Ave,,0,"Etobicoke, ON, M9V 2Z8",Retrieve
CA|CP|B|4342937,32 Benstrow Ave,,0,"Etobicoke, ON, M9V 2Z8",Retrieve
CA|CP|B|4334386,34 Benstrow Ave,,0,"Etobicoke, ON, M9V 2Z8",Retrieve
CA|CP|B|4340023,36 Benstrow Ave,,0,"Etobicoke, ON, M9V 2Z8",Retrieve
CA|CP|B|2028659,3 Honbury Rd,,0,"Etobicoke, ON, M9V 1W2",Retrieve
CA|CP|B|4342751,5 Honbury Rd,,0,"Etobicoke, ON, M9V 1W2",Retrieve
CA|CP|B|4345594,7 Honbury Rd,,0,"Etobicoke, ON, M9V 1W2",Retrieve
CA|CP|B|4334589,9 Honbury Rd,,0,"Etobicoke, ON, M9V 1W2",Retrieve
CA|CP|B|4353575,11 Honbury Rd,,0,"Etobicoke, ON, M9V 1W2",Retrieve
CA|CP|B|4340459,15 Honbury Rd,,0,"Etobicoke, ON, M9V 1W2",Retrieve
CA|CP|B|3888533,173 Taysham Cres,,0,"Etobicoke, ON, M9V 1X6",Retrieve
CA|CP|B|4345386,175 Taysham Cres,,0,"Etobicoke, ON, M9V 1X6",Retrieve
CA|CP|B|4364584,177 Taysham Cres,,0,"Etobicoke, ON, M9V 1X6",Retrieve
CA|CP|B|4351136,179 Taysham Cres,,0,"Etobicoke, ON, M9V 1X6",Retrieve
CA|CP|B|4332296,181 Taysham Cres,,0,"Etobicoke, ON, M9V 1X6",Retrieve
CA|CP|B|881716,183 Taysham Cres,,0,"Etobicoke, ON, M9V 1X6",Retrieve
CA|CP|B|4356311,185 Taysham Cres,,0,"Etobicoke, ON, M9V 1X6",Retrieve
CA|CP|B|4353961,187 Taysham Cres,,0,"Etobicoke, ON, M9V 1X6",Retrieve
CA|CP|B|4345685,189 Taysham Cres,,0,"Etobicoke, ON, M9V 1X6",Retrieve
CA|CP|B|4337095,191 Taysham Cres,,0,"Etobicoke, ON, M9V 1X6",Retrieve
CA|CP|B|4348372,193 Taysham Cres,,0,"Etobicoke, ON, M9V 1X6",Retrieve
CA|CP|B|4334868,195 Taysham Cres,,0,"Etobicoke, ON, M9V 1X6",Retrieve
CA|CP|B|4356414,197 Taysham Cres,,0,"Etobicoke, ON, M9V 1X6",Retrieve
CA|CP|B|4361760,199 Taysham Cres,,0,"Etobicoke, ON, M9V 1X6",Retrieve
CA|CP|B|4350795,201 Taysham Cres,,0,"Etobicoke, ON, M9V 1X6",Retrieve
CA|CP|B|4356426,203 Taysham Cres,,0,"Etobicoke, ON, M9V 1X6",Retrieve
CA|CP|B|4364576,205 Taysham Cres,,0,"Etobicoke, ON, M9V 1X6",Retrieve
CA|CP|B|4343063,207 Taysham Cres,,0,"Etobicoke, ON, M9V 1X6",Retrieve
CA|CP|B|4339880,209 Taysham Cres,,0,"Etobicoke, ON, M9V 1X6",Retrieve
CA|CP|B|4367391,211 Taysham Cres,,0,"Etobicoke, ON, M9V 1X6",Retrieve
CA|CP|B|4359344,213 Taysham Cres,,0,"Etobicoke, ON, M9V 1X6",Retrieve
CA|CP|B|4351292,215 Taysham Cres,,0,"Etobicoke, ON, M9V 1X6",Retrieve
CA|CP|B|4359058,219 Taysham Cres,,0,"Etobicoke, ON, M9V 1X6",Retrieve
CA|CP|B|4367467,221 Taysham Cres,,0,"Etobicoke, ON, M9V 1X6",Retrieve
CA|CP|B|2081318,223 Taysham Cres,,0,"Etobicoke, ON, M9V 1X6",Retrieve
CA|CP|B|4342686,225 Taysham Cres,,0,"Etobicoke, ON, M9V 1X6",Retrieve
CA|CP|B|4367215,4 Benstrow Ave,,0,"Etobicoke, ON, M9V 2Z6",Retrieve
CA|CP|B|4337383,6 Benstrow Ave,,0,"Etobicoke, ON, M9V 2Z6",Retrieve
CA|CP|B|3870447,8 Benstrow Ave,,0,"Etobicoke, ON, M9V 2Z6",Retrieve
CA|CP|B|4348233,10 Benstrow Ave,,0,"Etobicoke, ON, M9V 2Z6",Retrieve
CA|CP|B|4353592,12 Benstrow Ave,,0,"Etobicoke, ON, M9V 2Z6",Retrieve
CA|CP|B|4334693,14 Benstrow Ave,,0,"Etobicoke, ON, M9V 2Z6",Retrieve
CA|CP|B|260221,16 Benstrow Ave,,0,"Etobicoke, ON, M9V 2Z6",Retrieve
CA|CP|B|4370228,18 Benstrow Ave,,0,"Etobicoke, ON, M9V 2Z6",Retrieve
CA|CP|B|215265,20 Benstrow Ave,,0,"Etobicoke, ON, M9V 2Z6",Retrieve
CA|CP|B|4034283,2435 Kipling Ave,,0,"Etobicoke, ON, M9V 3A7",Retrieve
CA|CP|B|4362255,101-2435 Kipling Ave,,0,"Etobicoke, ON, M9V 3A7",Retrieve
CA|CP|B|4335056,102-2435 Kipling Ave,,0,"Etobicoke, ON, M9V 3A7",Retrieve
CA|CP|B|4337625,103-2435 Kipling Ave,,0,"Etobicoke, ON, M9V 3A7",Retrieve
CA|CP|B|4361963,104-2435 Kipling Ave,,0,"Etobicoke, ON, M9V 3A7",Retrieve
CA|CP|B|4348456,106-2435 Kipling Ave,,0,"Etobicoke, ON, M9V 3A7",Retrieve
CA|CP|B|617801,107-2435 Kipling Ave,,0,"Etobicoke, ON, M9V 3A7",Retrieve
CA|CP|B|4345865,109-2435 Kipling Ave,,0,"Etobicoke, ON, M9V 3A7",Retrieve
CA|CP|B|4337146,110-2435 Kipling Ave,,0,"Etobicoke, ON, M9V 3A7",Retrieve
CA|CP|B|4345430,111-2435 Kipling Ave,,0,"Etobicoke, ON, M9V 3A7",Retrieve
CA|CP|B|4362077,201-2435 Kipling Ave,,0,"Etobicoke, ON, M9V 3A7",Retrieve
CA|CP|B|4343075,202-2435 Kipling Ave,,0,"Etobicoke, ON, M9V 3A7",Retrieve
CA|CP|B|4359368,203-2435 Kipling Ave,,0,"Etobicoke, ON, M9V 3A7",Retrieve
CA|CP|B|4343184,204-2435 Kipling Ave,,0,"Etobicoke, ON, M9V 3A7",Retrieve
CA|CP|B|4339979,205-2435 Kipling Ave,,0,"Etobicoke, ON, M9V 3A7",Retrieve
CA|CP|B|4353377,206-2435 Kipling Ave,,0,"Etobicoke, ON, M9V 3A7",Retrieve
CA|CP|B|4345677,207-2435 Kipling Ave,,0,"Etobicoke, ON, M9V 3A7",Retrieve
CA|CP|B|4337187,208-2435 Kipling Ave,,0,"Etobicoke, ON, M9V 3A7",Retrieve
CA|CP|B|4340087,209-2435 Kipling Ave,,0,"Etobicoke, ON, M9V 3A7",Retrieve
CA|CP|B|4362055,210-2435 Kipling Ave,,0,"Etobicoke, ON, M9V 3A7",Retrieve
CA|CP|B|1427781,211-2435 Kipling Ave,,0,"Etobicoke, ON, M9V 3A7",Retrieve
CA|CP|B|4356334,212-2435 Kipling Ave,,0,"Etobicoke, ON, M9V 3A7",Retrieve
CA|CP|B|4359472,301-2435 Kipling Ave,,0,"Etobicoke, ON, M9V 3A7",Retrieve
CA|CP|B|368225,302-2435 Kipling Ave,,0,"Etobicoke, ON, M9V 3A7",Retrieve
CA|CP|B|4329477,303-2435 Kipling Ave,,0,"Etobicoke, ON, M9V 3A7",Retrieve
CA|CP|B|4345734,304-2435 Kipling Ave,,0,"Etobicoke, ON, M9V 3A7",Retrieve
CA|CP|B|4362035,305-2435 Kipling Ave,,0,"Etobicoke, ON, M9V 3A7",Retrieve
CA|CP|B|4359453,306-2435 Kipling Ave,,0,"Etobicoke, ON, M9V 3A7",Retrieve
CA|CP|B|4350921,307-2435 Kipling Ave,,0,"Etobicoke, ON, M9V 3A7",Retrieve
CA|CP|B|4337099,308-2435 Kipling Ave,,0,"Etobicoke, ON, M9V 3A7",Retrieve
CA|CP|B|4367725,309-2435 Kipling Ave,,0,"Etobicoke, ON, M9V 3A7",Retrieve
CA|CP|B|3867386,310-2435 Kipling Ave,,0,"Etobicoke, ON, M9V 3A7",Retrieve
CA|CP|B|4337237,311-2435 Kipling Ave,,0,"Etobicoke, ON, M9V 3A7",Retrieve
CA|CP|B|4364355,312-2435 Kipling Ave,,0,"Etobicoke, ON, M9V 3A7",Retrieve
CA|CP|B|4337794,401-2435 Kipling Ave,,0,"Etobicoke, ON, M9V 3A7",Retrieve
CA|CP|B|4353767,402-2435 Kipling Ave,,0,"Etobicoke, ON, M9V 3A7",Retrieve
CA|CP|B|260237,403-2435 Kipling Ave,,0,"Etobicoke, ON, M9V 3A7",Retrieve
CA|CP|B|4350777,404-2435 Kipling Ave,,0,"Etobicoke, ON, M9V 3A7",Retrieve
CA|CP|B|4361524,405-2435 Kipling Ave,,0,"Etobicoke, ON, M9V 3A7",Retrieve
CA|CP|B|2871723,406-2435 Kipling Ave,,0,"Etobicoke, ON, M9V 3A7",Retrieve
CA|CP|B|4337079,407-2435 Kipling Ave,,0,"Etobicoke, ON, M9V 3A7",Retrieve
CA|CP|B|4331774,408-2435 Kipling Ave,,0,"Etobicoke, ON, M9V 3A7",Retrieve
CA|CP|B|4353441,409-2435 Kipling Ave,,0,"Etobicoke, ON, M9V 3A7",Retrieve
CA|CP|B|4358846,410-2435 Kipling Ave,,0,"Etobicoke, ON, M9V 3A7",Retrieve
CA|CP|B|3870289,411-2435 Kipling Ave,,0,"Etobicoke, ON, M9V 3A7",Retrieve
CA|CP|B|4358990,412-2435 Kipling Ave,,0,"Etobicoke, ON, M9V 3A7",Retrieve
CA|CP|B|4364883,501-2435 Kipling Ave,,0,"Etobicoke, ON, M9V 3A7",Retrieve
CA|CP|B|4345815,502-2435 Kipling Ave,,0,"Etobicoke, ON, M9V 3A7",Retrieve
CA|CP|B|4348544,503-2435 Kipling Ave,,0,"Etobicoke, ON, M9V 3A7",Retrieve
CA|CP|B|4358988,504-2435 Kipling Ave,,0,"Etobicoke, ON, M9V 3A7",Retrieve
CA|CP|B|3857446,505-2435 Kipling Ave,,0,"Etobicoke, ON, M9V 3A7",Retrieve
CA|CP|B|4342972,506-2435 Kipling Ave,,0,"Etobicoke, ON, M9V 3A7",Retrieve
CA|CP|B|4361941,507-2435 Kipling Ave,,0,"Etobicoke, ON, M9V 3A7",Retrieve
CA|CP|B|4345849,508-2435 Kipling Ave,,0,"Etobicoke, ON, M9V 3A7",Retrieve
CA|CP|B|4364236,509-2435 Kipling Ave,,0,"Etobicoke, ON, M9V 3A7",Retrieve
CA|CP|B|4334422,510-2435 Kipling Ave,,0,"Etobicoke, ON, M9V 3A7",Retrieve
CA|CP|B|4337295,511-2435 Kipling Ave,,0,"Etobicoke, ON, M9V 3A7",Retrieve
CA|CP|B|4348549,512-2435 Kipling Ave,,0,"Etobicoke, ON, M9V 3A7",Retrieve
CA|CP|B|4367025,601-2435 Kipling Ave,,0,"Etobicoke, ON, M9V 3A7",Retrieve
CA|CP|B|485489,602-2435 Kipling Ave,,0,"Etobicoke, ON, M9V 3A7",Retrieve
CA|CP|B|4356234,603-2435 Kipling Ave,,0,"Etobicoke, ON, M9V 3A7",Retrieve
CA|CP|B|4329242,604-2435 Kipling Ave,,0,"Etobicoke, ON, M9V 3A7",Retrieve
CA|CP|B|4364464,605-2435 Kipling Ave,,0,"Etobicoke, ON, M9V 3A7",Retrieve
CA|CP|B|4339878,606-2435 Kipling Ave,,0,"Etobicoke, ON, M9V 3A7",Retrieve
CA|CP|B|4340450,607-2435 Kipling Ave,,0,"Etobicoke, ON, M9V 3A7",Retrieve
CA|CP|B|4345574,608-2435 Kipling Ave,,0,"Etobicoke, ON, M9V 3A7",Retrieve
CA|CP|B|4337616,609-2435 Kipling Ave,,0,"Etobicoke, ON, M9V 3A7",Retrieve
CA|CP|B|4361723,610-2435 Kipling Ave,,0,"Etobicoke, ON, M9V 3A7",Retrieve
CA|CP|B|4353684,611-2435 Kipling Ave,,0,"Etobicoke, ON, M9V 3A7",Retrieve
CA|CP|B|4337483,612-2435 Kipling Ave,,0,"Etobicoke, ON, M9V 3A7",Retrieve
CA|CP|B|4345157,701-2435 Kipling Ave,,0,"Etobicoke, ON, M9V 3A7",Retrieve
CA|CP|B|4367630,702-2435 Kipling Ave,,0,"Etobicoke, ON, M9V 3A7",Retrieve
CA|CP|B|4329015,703-2435 Kipling Ave,,0,"Etobicoke, ON, M9V 3A7",Retrieve
CA|CP|B|4353808,704-2435 Kipling Ave,,0,"Etobicoke, ON, M9V 3A7",Retrieve
CA|CP|B|4343204,705-2435 Kipling Ave,,0,"Etobicoke, ON, M9V 3A7",Retrieve
CA|CP|B|4370303,706-2435 Kipling Ave,,0,"Etobicoke, ON, M9V 3A7",Retrieve
CA|CP|B|4367551,707-2435 Kipling Ave,,0,"Etobicoke, ON, M9V 3A7",Retrieve
CA|CP|B|4332218,708-2435 Kipling Ave,,0,"Etobicoke, ON, M9V 3A7",Retrieve
CA|CP|B|4358875,709-2435 Kipling Ave,,0,"Etobicoke, ON, M9V 3A7",Retrieve
CA|CP|B|1211190,710-2435 Kipling Ave,,0,"Etobicoke, ON, M9V 3A7",Retrieve
CA|CP|B|4369752,711-2435 Kipling Ave,,0,"Etobicoke, ON, M9V 3A7",Retrieve
CA|CP|B|4345274,712-2435 Kipling Ave,,0,"Etobicoke, ON, M9V 3A7",Retrieve
CA|CP|B|4340124,801-2435 Kipling Ave,,0,"Etobicoke, ON, M9V 3A7",Retrieve
CA|CP|B|4350812,802-2435 Kipling Ave,,0,"Etobicoke, ON, M9V 3A7",Retrieve
CA|CP|B|4362163,803-2435 Kipling Ave,,0,"Etobicoke, ON, M9V 3A7",Retrieve
CA|CP|B|4356375,804-2435 Kipling Ave,,0,"Etobicoke, ON, M9V 3A7",Retrieve
CA|CP|B|4334344,805-2435 Kipling Ave,,0,"Etobicoke, ON, M9V 3A7",Retrieve
CA|CP|B|4356117,806-2435 Kipling Ave,,0,"Etobicoke, ON, M9V 3A7",Retrieve
CA|CP|B|155929,807-2435 Kipling Ave,,0,"Etobicoke, ON, M9V 3A7",Retrieve
CA|CP|B|4353770,808-2435 Kipling Ave,,0,"Etobicoke, ON, M9V 3A7",Retrieve
CA|CP|B|4358991,809-2435 Kipling Ave,,0,"Etobicoke, ON, M9V 3A7",Retrieve
CA|CP|B|4340222,810-2435 Kipling Ave,,0,"Etobicoke, ON, M9V 3A7",Retrieve
CA|CP|B|4359365,811-2435 Kipling Ave,,0,"Etobicoke, ON, M9V 3A7",Retrieve
CA|CP|B|4334863,812-2435 Kipling Ave,,0,"Etobicoke, ON, M9V 3A7",Retrieve
CA|CP|B|2032476,901-2435 Kipling Ave,,0,"Etobicoke, ON, M9V 3A7",Retrieve
CA|CP|B|4342901,902-2435 Kipling Ave,,0,"Etobicoke, ON, M9V 3A7",Retrieve
CA|CP|B|4329200,903-2435 Kipling Ave,,0,"Etobicoke, ON, M9V 3A7",Retrieve
CA|CP|B|4361839,904-2435 Kipling Ave,,0,"Etobicoke, ON, M9V 3A7",Retrieve
CA|CP|B|4367286,905-2435 Kipling Ave,,0,"Etobicoke, ON, M9V 3A7",Retrieve
CA|CP|B|4329559,906-2435 Kipling Ave,,0,"Etobicoke, ON, M9V 3A7",Retrieve
CA|CP|B|4348202,19 Honbury Rd,,0,"Etobicoke, ON, M9V 1W4",Retrieve
CA|CP|B|4367236,21 Honbury Rd,,0,"Etobicoke, ON, M9V 1W4",Retrieve
CA|CP|B|4342931,23 Honbury Rd,,0,"Etobicoke, ON, M9V 1W4",Retrieve
CA|CP|B|4334517,25 Honbury Rd,,0,"Etobicoke, ON, M9V 1W4",Retrieve
CA|CP|B|4343026,27 Honbury Rd,,0,"Etobicoke, ON, M9V 1W4",Retrieve
CA|CP|B|4339985,130 Taysham Cres,,0,"Etobicoke, ON, M9V 1X5",Retrieve
CA|CP|B|4358977,132 Taysham Cres,,0,"Etobicoke, ON, M9V 1X5",Retrieve
CA|CP|B|4350811,134 Taysham Cres,,0,"Etobicoke, ON, M9V 1X5",Retrieve
CA|CP|B|4359231,136 Taysham Cres,,0,"Etobicoke, ON, M9V 1X5",Retrieve
CA|CP|B|4348319,138 Taysham Cres,,0,"Etobicoke, ON, M9V 1X5",Retrieve
CA|CP|B|4367542,140 Taysham Cres,,0,"Etobicoke, ON, M9V 1X5",Retrieve
CA|CP|B|4340315,142 Taysham Cres,,0,"Etobicoke, ON, M9V 1X5",Retrieve
CA|CP|B|4364393,144 Taysham Cres,,0,"Etobicoke, ON, M9V 1X5",Retrieve
CA|CP|B|4348284,146 Taysham Cres,,0,"Etobicoke, ON, M9V 1X5",Retrieve
CA|CP|B|4358888,148 Taysham Cres,,0,"Etobicoke, ON, M9V 1X5",Retrieve
CA|CP|B|4364754,150 Taysham Cres,,0,"Etobicoke, ON, M9V 1X5",Retrieve
CA|CP|B|4353620,152 Taysham Cres,,0,"Etobicoke, ON, M9V 1X5",Retrieve
CA|CP|B|4329020,154 Taysham Cres,,0,"Etobicoke, ON, M9V 1X5",Retrieve
CA|CP|B|4334580,156 Taysham Cres,,0,"Etobicoke, ON, M9V 1X5",Retrieve
CA|CP|B|4334911,158 Taysham Cres,,0,"Etobicoke, ON, M9V 1X5",Retrieve
CA|CP|B|4342733,160 Taysham Cres,,0,"Etobicoke, ON, M9V 1X5",Retrieve
CA|CP|B|4364475,162 Taysham Cres,,0,"Etobicoke, ON, M9V 1X5",Retrieve
CA|CP|B|4332096,164 Taysham Cres,,0,"Etobicoke, ON, M9V 1X5",Retrieve
CA|CP|B|1948862,166 Taysham Cres,,0,"Etobicoke, ON, M9V 1X5",Retrieve
CA|CP|B|4313074,168 Taysham Cres,,0,"Etobicoke, ON, M9V 1X5",Retrieve
CA|CP|B|4353512,170 Taysham Cres,,0,"Etobicoke, ON, M9V 1X5",Retrieve
CA|CP|B|4359197,172 Taysham Cres,,0,"Etobicoke, ON, M9V 1X5",Retrieve
CA|CP|B|4332320,174 Taysham Cres,,0,"Etobicoke, ON, M9V 1X5",Retrieve
CA|CP|B|4353891,176 Taysham Cres,,0,"Etobicoke, ON, M9V 1X5",Retrieve
CA|CP|B|4350741,178 Taysham Cres,,0,"Etobicoke, ON, M9V 1X5",Retrieve
CA|CP|B|4329176,180 Taysham Cres,,0,"Etobicoke, ON, M9V 1X5",Retrieve
CA|CP|B|4332009,182 Taysham Cres,,0,"Etobicoke, ON, M9V 1X5",Retrieve
CA|CP|B|6473,20 Sanagan Rd,,0,"Etobicoke, ON, M9V 1R9",Retrieve
CA|CP|B|4841415,98-20 Sanagan Rd,,0,"Etobicoke, ON, M9V 1R9",Retrieve
CA|CP|B|4838014,99-20 Sanagan Rd,,0,"Etobicoke, ON, M9V 1R9",Retrieve
CA|CP|B|4873759,100-20 Sanagan Rd,,0,"Etobicoke, ON, M9V 1R9",Retrieve
CA|CP|B|4808562,101-20 Sanagan Rd,,0,"Etobicoke, ON, M9V 1R9",Retrieve
CA|CP|B|11986161,102-20 Sanagan Rd,,0,"Etobicoke, ON, M9V 1R9",Retrieve
CA|CP|B|4827182,103-20 Sanagan Rd,,0,"Etobicoke, ON, M9V 1R9",Retrieve
CA|CP|B|4849192,104-20 Sanagan Rd,,0,"Etobicoke, ON, M9V 1R9",Retrieve
CA|CP|B|4792917,105-20 Sanagan Rd,,0,"Etobicoke, ON, M9V 1R9",Retrieve
CA|CP|B|4833289,106-20 Sanagan Rd,,0,"Etobicoke, ON, M9V 1R9",Retrieve
CA|CP|B|4849526,107-20 Sanagan Rd,,0,"Etobicoke, ON, M9V 1R9",Retrieve
CA|CP|B|4870965,108-20 Sanagan Rd,,0,"Etobicoke, ON, M9V 1R9",Retrieve
CA|CP|B|4860338,109-20 Sanagan Rd,,0,"Etobicoke, ON, M9V 1R9",Retrieve
CA|CP|B|4852031,110-20 Sanagan Rd,,0,"Etobicoke, ON, M9V 1R9",Retrieve
CA|CP|B|4852053,111-20 Sanagan Rd,,0,"Etobicoke, ON, M9V 1R9",Retrieve
CA|CP|B|4857433,201-20 Sanagan Rd,,0,"Etobicoke, ON, M9V 1R9",Retrieve
CA|CP|B|4868165,202-20 Sanagan Rd,,0,"Etobicoke, ON, M9V 1R9",Retrieve
CA|CP|B|4833340,203-20 Sanagan Rd,,0,"Etobicoke, ON, M9V 1R9",Retrieve
CA|CP|B|4849251,204-20 Sanagan Rd,,0,"Etobicoke, ON, M9V 1R9",Retrieve
CA|CP|B|4798137,205-20 Sanagan Rd,,0,"Etobicoke, ON, M9V 1R9",Retrieve
CA|CP|B|4844409,206-20 Sanagan Rd,,0,"Etobicoke, ON, M9V 1R9",Retrieve
CA|CP|B|4832706,207-20 Sanagan Rd,,0,"Etobicoke, ON, M9V 1R9",Retrieve
CA|CP|B|4868031,208-20 Sanagan Rd,,0,"Etobicoke, ON, M9V 1R9",Retrieve
CA|CP|B|4858021,209-20 Sanagan Rd,,0,"Etobicoke, ON, M9V 1R9",Retrieve
CA|CP|B|4868614,210-20 Sanagan Rd,,0,"Etobicoke, ON, M9V 1R9",Retrieve
CA|CP|B|4857924,211-20 Sanagan Rd,,0,"Etobicoke, ON, M9V 1R9",Retrieve
CA|CP|B|4832712,212-20 Sanagan Rd,,0,"Etobicoke, ON, M9V 1R9",Retrieve
CA|CP|B|4811107,214-20 Sanagan Rd,,0,"Etobicoke, ON, M9V 1R9",Retrieve
CA|CP|B|4795591,215-20 Sanagan Rd,,0,"Etobicoke, ON, M9V 1R9",Retrieve
CA|CP|B|4793032,216-20 Sanagan Rd,,0,"Etobicoke, ON, M9V 1R9",Retrieve
CA|CP|B|4795603,217-20 Sanagan Rd,,0,"Etobicoke, ON, M9V 1R9",Retrieve
CA|CP|B|4859961,218-20 Sanagan Rd,,0,"Etobicoke, ON, M9V 1R9",Retrieve
CA|CP|B|4360322,219-20 Sanagan Rd,,0,"Etobicoke, ON, M9V 1R9",Retrieve
CA|CP|B|4846560,301-20 Sanagan Rd,,0,"Etobicoke, ON, M9V 1R9",Retrieve
CA|CP|B|4865824,302-20 Sanagan Rd,,0,"Etobicoke, ON, M9V 1R9",Retrieve
CA|CP|B|4800806,303-20 Sanagan Rd,,0,"Etobicoke, ON, M9V 1R9",Retrieve
CA|CP|B|4832771,304-20 Sanagan Rd,,0,"Etobicoke, ON, M9V 1R9",Retrieve
CA|CP|B|4803408,305-20 Sanagan Rd,,0,"Etobicoke, ON, M9V 1R9",Retrieve
CA|CP|B|4871396,306-20 Sanagan Rd,,0,"Etobicoke, ON, M9V 1R9",Retrieve
CA|CP|B|4849707,307-20 Sanagan Rd,,0,"Etobicoke, ON, M9V 1R9",Retrieve
CA|CP|B|4841673,308-20 Sanagan Rd,,0,"Etobicoke, ON, M9V 1R9",Retrieve
CA|CP|B|4860409,309-20 Sanagan Rd,,0,"Etobicoke, ON, M9V 1R9",Retrieve
CA|CP|B|4841198,310-20 Sanagan Rd,,0,"Etobicoke, ON, M9V 1R9",Retrieve
CA|CP|B|4836413,311-20 Sanagan Rd,,0,"Etobicoke, ON, M9V 1R9",Retrieve
CA|CP|B|4824662,312-20 Sanagan Rd,,0,"Etobicoke, ON, M9V 1R9",Retrieve
CA|CP|B|4849593,314-20 Sanagan Rd,,0,"Etobicoke, ON, M9V 1R9",Retrieve
CA|CP|B|4843900,315-20 Sanagan Rd,,0,"Etobicoke, ON, M9V 1R9",Retrieve
CA|CP|B|4835335,316-20 Sanagan Rd,,0,"Etobicoke, ON, M9V 1R9",Retrieve
CA|CP|B|4862823,317-20 Sanagan Rd,,0,"Etobicoke, ON, M9V 1R9",Retrieve
CA|CP|B|4854807,318-20 Sanagan Rd,,0,"Etobicoke, ON, M9V 1R9",Retrieve
CA|CP|B|4854501,319-20 Sanagan Rd,,0,"Etobicoke, ON, M9V 1R9",Retrieve
CA|CP|B|4840796,401-20 Sanagan Rd,,0,"Etobicoke, ON, M9V 1R9",Retrieve
CA|CP|B|4824647,402-20 Sanagan Rd,,0,"Etobicoke, ON, M9V 1R9",Retrieve
CA|CP|B|4865663,403-20 Sanagan Rd,,0,"Etobicoke, ON, M9V 1R9",Retrieve
CA|CP|B|4836010,404-20 Sanagan Rd,,0,"Etobicoke, ON, M9V 1R9",Retrieve
CA|CP|B|4848863,405-20 Sanagan Rd,,0,"Etobicoke, ON, M9V 1R9",Retrieve
CA|CP|B|4860669,406-20 Sanagan Rd,,0,"Etobicoke, ON, M9V 1R9",Retrieve
CA|CP|B|4860676,407-20 Sanagan Rd,,0,"Etobicoke, ON, M9V 1R9",Retrieve
CA|CP|B|4824668,408-20 Sanagan Rd,,0,"Etobicoke, ON, M9V 1R9",Retrieve
CA|CP|B|4852017,409-20 Sanagan Rd,,0,"Etobicoke, ON, M9V 1R9",Retrieve
CA|CP|B|4862845,410-20 Sanagan Rd,,0,"Etobicoke, ON, M9V 1R9",Retrieve
CA|CP|B|4857595,411-20 Sanagan Rd,,0,"Etobicoke, ON, M9V 1R9",Retrieve
CA|CP|B|4792959,412-20 Sanagan Rd,,0,"Etobicoke, ON, M9V 1R9",Retrieve
CA|CP|B|4846768,414-20 Sanagan Rd,,0,"Etobicoke, ON, M9V 1R9",Retrieve
CA|CP|B|4859953,415-20 Sanagan Rd,,0,"Etobicoke, ON, M9V 1R9",Retrieve
CA|CP|B|4855247,416-20 Sanagan Rd,,0,"Etobicoke, ON, M9V 1R9",Retrieve
CA|CP|B|4833546,417-20 Sanagan Rd,,0,"Etobicoke, ON, M9V 1R9",Retrieve
CA|CP|B|4873982,418-20 Sanagan Rd,,0,"Etobicoke, ON, M9V 1R9",Retrieve
CA|CP|B|4854731,419-20 Sanagan Rd,,0,"Etobicoke, ON, M9V 1R9",Retrieve
CA|CP|B|4852480,501-20 Sanagan Rd,,0,"Etobicoke, ON, M9V 1R9",Retrieve
CA|CP|B|4824651,502-20 Sanagan Rd,,0,"Etobicoke, ON, M9V 1R9",Retrieve
CA|CP|B|4846695,503-20 Sanagan Rd,,0,"Etobicoke, ON, M9V 1R9",Retrieve
CA|CP|B|4844494,504-20 Sanagan Rd,,0,"Etobicoke, ON, M9V 1R9",Retrieve
CA|CP|B|4792914,505-20 Sanagan Rd,,0,"Etobicoke, ON, M9V 1R9",Retrieve
CA|CP|B|4805973,506-20 Sanagan Rd,,0,"Etobicoke, ON, M9V 1R9",Retrieve
CA|CP|B|4859846,507-20 Sanagan Rd,,0,"Etobicoke, ON, M9V 1R9",Retrieve
CA|CP|B|4847152,508-20 Sanagan Rd,,0,"Etobicoke, ON, M9V 1R9",Retrieve
CA|CP|B|4835470,509-20 Sanagan Rd,,0,"Etobicoke, ON, M9V 1R9",Retrieve
CA|CP|B|4833595,510-20 Sanagan Rd,,0,"Etobicoke, ON, M9V 1R9",Retrieve
CA|CP|B|4811163,511-20 Sanagan Rd,,0,"Etobicoke, ON, M9V 1R9",Retrieve
CA|CP|B|4870735,512-20 Sanagan Rd,,0,"Etobicoke, ON, M9V 1R9",Retrieve
CA|CP|B|4838615,514-20 Sanagan Rd,,0,"Etobicoke, ON, M9V 1R9",Retrieve
CA|CP|B|4860212,515-20 Sanagan Rd,,0,"Etobicoke, ON, M9V 1R9",Retrieve
CA|CP|B|4838790,516-20 Sanagan Rd,,0,"Etobicoke, ON, M9V 1R9",Retrieve
CA|CP|B|4838789,517-20 Sanagan Rd,,0,"Etobicoke, ON, M9V 1R9",Retrieve
CA|CP|B|4851899,518-20 Sanagan Rd,,0,"Etobicoke, ON, M9V 1R9",Retrieve
CA|CP|B|4170165,519-20 Sanagan Rd,,0,"Etobicoke, ON, M9V 1R9",Retrieve
CA|CP|B|4862750,Office-20 Sanagan Rd,,0,"Etobicoke, ON, M9V 1R9",Retrieve
CA|CP|B|4340291,2 Cafon Crt,,0,"Etobicoke, ON, M9V 3A5",Retrieve
CA|CP|B|4342699,3 Cafon Crt,,0,"Etobicoke, ON, M9V 3A5",Retrieve
CA|CP|B|4331873,4 Cafon Crt,,0,"Etobicoke, ON, M9V 3A5",Retrieve
CA|CP|B|4359120,5 Cafon Crt,,0,"Etobicoke, ON, M9V 3A5",Retrieve
CA|CP|B|4353652,6 Cafon Crt,,0,"Etobicoke, ON, M9V 3A5",Retrieve
CA|CP|B|4351038,7 Cafon Crt,,0,"Etobicoke, ON, M9V 3A5",Retrieve
CA|CP|B|4367692,8 Cafon Crt,,0,"Etobicoke, ON, M9V 3A5",Retrieve
CA|CP|B|4343177,9 Cafon Crt,,0,"Etobicoke, ON, M9V 3A5",Retrieve
CA|CP|B|4342639,10 Cafon Crt,,0,"Etobicoke, ON, M9V 3A5",Retrieve
CA|CP|B|4340291,2 Cafon Crt,,0,"Etobicoke, ON, M9V 3A5",Retrieve
CA|CP|B|4342699,3 Cafon Crt,,0,"Etobicoke, ON, M9V 3A5",Retrieve
CA|CP|B|4331873,4 Cafon Crt,,0,"Etobicoke, ON, M9V 3A5",Retrieve
CA|CP|B|4359120,5 Cafon Crt,,0,"Etobicoke, ON, M9V 3A5",Retrieve
CA|CP|B|4353652,6 Cafon Crt,,0,"Etobicoke, ON, M9V 3A5",Retrieve
CA|CP|B|4351038,7 Cafon Crt,,0,"Etobicoke, ON, M9V 3A5",Retrieve
CA|CP|B|4367692,8 Cafon Crt,,0,"Etobicoke, ON, M9V 3A5",Retrieve
CA|CP|B|4343177,9 Cafon Crt,,0,"Etobicoke, ON, M9V 3A5",Retrieve
CA|CP|B|4342639,10 Cafon Crt,,0,"Etobicoke, ON, M9V 3A5",Retrieve
CA|CP|B|4329096,1475 Albion Rd,,0,"Etobicoke, ON, M9V 1B1",Retrieve
CA|CP|B|4332228,1 Amaron Ave,,0,"Etobicoke, ON, M9V 1Y9",Retrieve
CA|CP|B|4359111,3 Amaron Ave,,0,"Etobicoke, ON, M9V 1Y9",Retrieve
CA|CP|B|4343040,42 Benstrow Ave,,0,"Etobicoke, ON, M9V 3A1",Retrieve
CA|CP|B|3896157,1 Penlea Ave,,0,"Etobicoke, ON, M9V 1Y5",Retrieve
CA|CP|B|3895516,60 Honbury Rd,,0,"Etobicoke, ON, M9V 1W7",Retrieve
CA|CP|B|4353988,62 Honbury Rd,,0,"Etobicoke, ON, M9V 1W7",Retrieve
